Business DBA,Business Type,Location 1
1822 ULTRA LOUNGE,RESTAURANT-BAR,"1818 1822 MAIN STREET
64108
(39.09096085900046, -94.58362111999969)"
54TH STREET GRILL #1,RESTAURANT-BAR,"7200 86TH TERRACE
64153
(39.2507793690005, -94.66341185999966)"
54TH STREET GRILL #2,RESTAURANT-BAR,"303 ENGLEWOOD ROAD
64116
(39.157762440000454, -94.57280868899966)"
54TH STREET GRILL #5,RESTAURANT-BAR,"9251 BARRY ROAD
64157
(39.24465427600046, -94.46585507799966)"
64 TAVERN AND GRILL,RESTAURANT-BAR,"6312 CHATHAM ROAD
64151
(39.2162418690005, -94.63441652299969)"
7 HUNDRED,RESTAURANT-BAR,"700 SOUTHWEST BLVD
64108
(39.08516027000047, -94.5931009469997)"
75TH STREET BREWERY,RESTAURANT-BAR,"512 520 W 75TH STREET
64114
(38.99255437800048, -94.59611022799965)"
801 CHOPHOUSE,RESTAURANT-BAR,"71 14TH STREET
64105
(39.09722897500046, -94.58410530299966)"
9TH INNING SPORT BAR & GRILL,RESTAURANT-BAR,"1512 18TH STREET
64108
(39.09125400300047, -94.5642700249997)"
ABARROTES LORE,RESTAURANT-BAR,"1205 HARDESTY
64126
(39.093543258000466, -94.50068594299967)"
ABUELO'S MEXICAN FOOD EMBASSY,RESTAURANT-BAR,"8541 PRAIRIE VIEW ROAD
64153
(39.24989055900045, -94.66114091699967)"
ACCURSO'S RESTAURANT AND CATERING,RESTAURANT-BAR,"4980 MAIN STREET
64112
(39.03702904000045, -94.58725437399966)"
AFFARE,RESTAURANT-BAR,"1911 MAIN
64108
(39.09019918000047, -94.58362261199966)"
AIXOIS,RESTAURANT-BAR,"301 55TH STREET
64113
(39.02772132000047, -94.59134759999966)"
AIXOIS BRASSERIE,RESTAURANT-BAR,"1006 WALNUT
64106
(39.102158966000445, -94.58197267299965)"
ALADDIN  HOLIDAY INN,RESTAURANT-BAR,"1215 WYANDOTTE
64105
(39.099490053000466, -94.58561111099965)"
ALAMO DRAFTHOUSE MAINSTREET,RESTAURANT-BAR,"1400 MAIN STREET
64105-2166
(39.09717050900048, -94.58331000299967)"
ALAMO RESTAURANT & LOUNGE,RESTAURANT-BAR,"5010 PARVIN ROAD
64117
(39.167051263000474, -94.52127121099966)"
ALL STAR PIZZA AND PUB,RESTAURANT-BAR,"6100 63RD TERRACE
64151
(39.20933920000044, -94.65112332499967)"
ALL-STAR GRILL AND BAR,RESTAURANT-BAR,"7210 43RD STREET
64117
(39.17071032300049, -94.49495068699969)"
AMBASSADOR HOTEL RESERVE,RESTAURANT-BAR,"1111 GRAND BLVD
64106
(39.10069073200049, -94.58086025099965)"
AMC THEATRE BARRYWOODS 24,RESTAURANT-BAR,"8101 ROANRIDGE ROAD
64151
(39.24160175300045, -94.65772660299967)"
AMC THEATRES WARD PARKWAY 14,RESTAURANT-BAR,"8600 WARD PARKWAY
64114
(38.97211338700049, -94.60567334699965)"
AMERICAN FOOD & VENDING SERVICE,RESTAURANT-BAR,"1000 50TH STREET
64110
(39.03627008100045, -94.57486031699966)"
AMERICAN FOOD & VENDING SERVICE OF MISSOURI,RESTAURANT-BAR,"4801 ROCKHILL ROAD
64110
(39.03969005500045, -94.57851074799964)"
AMERICAN FOOD & VENDING SERVICE OF MO,RESTAURANT-BAR,"4525 OAK STREET
64110
(39.03596324600045, -94.5732171199997)"
AMERICAN RESTAURANT,RESTAURANT-BAR,"200 25TH STREET
64108
(39.08172070700044, -94.58038090199966)"
ANDRE'S CONFISERIE SUISSE,RESTAURANT-BAR,"5018 MAIN STREET
64112
(39.03630004000047, -94.58725080899967)"
ANNA'S OVEN,RESTAURANT-BAR,"1809 39TH STREET
64111
(39.057278846000486, -94.60621077199966)"
ANTHONY'S RESTAURANT & LOUNGE,RESTAURANT-BAR,"701 GRAND AVENUE
64106-1606
(39.10524109500045, -94.58062057599966)"
APPLEBEE'S NEIGHBORHOOD GRILL & BAR -2,RESTAURANT-BAR,"6530 BARRY ROAD
64154
(39.246989175000465, -94.65509507499968)"
APPLEBEE'S NEIGHBORHOOD GRILL & BAR -3,RESTAURANT-BAR,"8350 CHURCH ROAD
64158
(39.24336057400046, -94.4618202639997)"
APPLEBEE'S NEIGHBORHOOD GRILL & BAR-1,RESTAURANT-BAR,"1046 103RD STREET
64114
(38.94198844400046, -94.60550541899966)"
APPLEBEE'S NEIGHBORHOOD GRILL & BAR-4,RESTAURANT-BAR,"13201 STATELINE ROAD
64145
(38.88812113600045, -94.6079607799997)"
APPLEBEE'S NEIGHBORHOOD GRILL&BAR,RESTAURANT-BAR,"4181 STERLING AVENUE
64133
(39.046294411000474, -94.44761084799967)"
"ARAMARK, SPORTS AND ENTERTAINMENT SERVICES LLC - ARROWHEAD",RESTAURANT-BAR,"1 ARROWHEAD DRIVE
64129
(39.04873086300046, -94.48629013199968)"
ARARAT TEMPLE RESTAURANT,RESTAURANT-BAR,"5100 ARARAT DRIVE
64129
(39.034121075000485, -94.50328053599969)"
ART OF PIZZA,RESTAURANT-BAR,"1801 BALTIMORE
64108
(39.0917006250005, -94.58472039799966)"
ARTHUR BRYANT'S BARBEQUE,RESTAURANT-BAR,"1727 BROOKLYN AVENUE
64127
(39.09145057900048, -94.5564007539997)"
ARTHUR BRYANTS BARBEQUE-2,RESTAURANT-BAR,"3200 AMERISTAR DRIVE
64161
(39.151010200000485, -94.47726143599965)"
AVENUES BISTRO-BROOKSIDE,RESTAURANT-BAR,"338 63RD STREET
64113
(39.01409843300047, -94.59207841599965)"
BAR LOUIE,RESTAURANT-BAR,"101 14TH STREET
64106
(39.09718063700046, -94.58210101299966)"
BAR LOUIE (ZONA ROSA),RESTAURANT-BAR,"8600 PRAIRIE VIEW ROAD
64153
(39.25051422100046, -94.66155673299966)"
BAR TWELVE,RESTAURANT-BAR,"418 422 NW ENGLEWOOD ROAD
64118
(39.196208956000476, -94.58593953699966)"
BB'S LAWNSIDE BAR-B-QUE,RESTAURANT-BAR,"1205 85TH STREET
64131
(38.97336471000045, -94.57518567299968)"
"BEASTRO CAFE, THE",RESTAURANT-BAR,"6800 ZOO DRIVE
64132
(39.00771268200049, -94.53147161899966)"
BEER KITCHEN,RESTAURANT-BAR,"435 WESTPORT ROAD
64111
(39.05303002900047, -94.59105103699966)"
BISHOP SPENCER PLACE,RESTAURANT-BAR,"4301 MADISON AVENUE
64111
(39.049579527000446, -94.59696286799965)"
BISTRO 303,RESTAURANT-BAR,"303 WESTPORT ROAD
64111
(39.05378552900049, -94.58942829399967)"
BLANC BURGERS & BOTTLES,RESTAURANT-BAR,"4710 JEFFERSON STREET
64112
(39.04139082400047, -94.59480056399968)"
BLUE BIRD BISTRO,RESTAURANT-BAR,"1700 SUMMIT STREET
64108
(39.09293011000045, -94.59336021099966)"
BLUE GROTTO,RESTAURANT-BAR,"6324 BROOKSIDE PLAZA
64113
(39.013000890000455, -94.59073070299968)"
"BLUE KOI NOODLES, DUMPLINGS, & FINE TEAS",RESTAURANT-BAR,"1803 39TH STREET
64111
(39.057278846000486, -94.60621077199966)"
"BLUE LINE, THE",RESTAURANT-BAR,"529 WALNUT STREET
64106
(39.10825855200045, -94.58150293299968)"
BLUE NILE CAFE,RESTAURANT-BAR,"20 5TH STREET
64106
(39.10856082000049, -94.58163112799969)"
BLUESTEM,RESTAURANT-BAR,"900 WESTPORT ROAD
64111
(39.05066093500045, -94.59692076299967)"
BO LING'S,RESTAURANT-BAR,"4701 JEFFERSON STREET
64112
(39.04231329400045, -94.59461594999965)"
BO LINGS CHINESE RESTAURANT,RESTAURANT-BAR,"20 5TH STREET
64106
(39.10856082000049, -94.58163112799969)"
BO LINGS CHINESE RESTAURANT (north),RESTAURANT-BAR,"8670 PRAIRIE VIEW ROAD
64153
(39.251329927000484, -94.66219376199967)"
BONEFISH GRILL,RESTAURANT-BAR,"6334 LUCERNE
64151
(39.2162418690005, -94.63441652299969)"
BONTERRA CATERING,RESTAURANT-BAR,"320 MCGEE STREET
64116
(39.11912033600049, -94.58261056799967)"
"BOOT, THE",RESTAURANT-BAR,"415 WESTPORT ROAD
64111
(39.05312105900049, -94.59086090999966)"
BRANCATO'S CATERING,RESTAURANT-BAR,"1800 GENESSEE
64102
(39.09305612200046, -94.6048141819997)"
BRASS RAIL BILLIARD HALL,RESTAURANT-BAR,"4940 81ST STREET
64119
(39.24070110600047, -94.52213072399968)"
BRAVO! CUCINA ITALIANA,RESTAURANT-BAR,"7301 87TH STREET
64153
(39.2515668100005, -94.66476817499967)"
"BREWTOP PUB & PATIO, THE",RESTAURANT-BAR,"8614 BOARDWALK AVENUE
64154
(39.252550736000444, -94.65310250399966)"
BRGR KITCHEN & BAR,RESTAURANT-BAR,"11 14TH STREET
64106
(39.097211153000444, -94.58307174999965)"
"BRICK, THE",RESTAURANT-BAR,"1727 MCGEE STREET
64108
(39.09235051200045, -94.58011011599967)"
BRIO TUSCAN  GRILLE,RESTAURANT-BAR,"502 NICHOLS DRIVE
64112
(39.04138045400049, -94.59455051799966)"
BRISTOL BAR & GRILL,RESTAURANT-BAR,"51 14TH STREET
64106
(39.09719741200047, -94.58248535699965)"
BROOKSIDER BAR AND GRILL,RESTAURANT-BAR,"6330 BROOKSIDE PLAZA
64113
(39.013407320000454, -94.59073066799965)"
BROWNES MARKET & DELI,RESTAURANT-BAR,"3300 PENNSYLVANIA AVENUE
64111
(39.067553776000466, -94.59250110999966)"
BUCA DI BEPPO,RESTAURANT-BAR,"310 47TH STREET
64112
(39.04231543600048, -94.59053885099968)"
BUFFALO WILD WINGS GRILL & BAR,RESTAURANT-BAR,"9207 M-152 HIGHWAY
64157
(39.27803219200047, -94.47222615699968)"
BUFFALO WILD WINGS GRILL & BAR.,RESTAURANT-BAR,"8441 PRAIRIE VIEW ROAD
64153
(39.24776845400049, -94.66109096199966)"
BULLDOG BAR & GRILLE,RESTAURANT-BAR,"1715 MAIN STREET
64108
(39.09302114100046, -94.58352087099968)"
BURRITO JOES,RESTAURANT-BAR,"1403 05 W 39TH STREET
64111
(39.05654114000049, -94.5862568989997)"
CAFE AL DENTE,RESTAURANT-BAR,"412 D DELAWARE
64105
(39.10363236100045, -94.58633903699968)"
"CAFE AT BRIARCLIFF VILLAGE, THE",RESTAURANT-BAR,"4125 MULBERRY DRIVE
64116
(39.16886090900044, -94.5985109129997)"
CAFE EUROPA,RESTAURANT-BAR,"321 25 E 55TH STREET
64113
(39.02761249400049, -94.58672449499966)"
CAFE GRATITUDE,RESTAURANT-BAR,"333 SOUTHWEST BLVD
64108
(39.08790039700045, -94.58875108099966)"
CAFE SEBASTIENNE,RESTAURANT-BAR,"4420A WARWICK BLVD
64111
(39.04693131100049, -94.58438277999966)"
CAFE TRIO,RESTAURANT-BAR,"4558 MAIN
64111
(39.04443164300045, -94.58681768799966)"
CALIFORNIA PIZZA KITCHEN,RESTAURANT-BAR,"4743 PENNSYLVANIA AVENUE
64112
(39.04088003600049, -94.59356710199967)"
CALIFORNOS,RESTAURANT-BAR,"4124 PENNSYLVANIA AVENUE
64111
(39.05187423200044, -94.59071996399967)"
CANCUN FIESTA FRESH,RESTAURANT-BAR,"4019 PENNSYLVANIA
64111
(39.05449379000049, -94.5927050309997)"
"CAPITAL GRILLE OF KANSAS CITY, THE",RESTAURANT-BAR,"4740 JEFFERSON AVENUE
64112
(39.041156232000446, -94.5949183679997)"
CARMENS CAFE,RESTAURANT-BAR,"6307 BROOKSIDE PLAZA
64113
(39.01379467200047, -94.59063244199967)"
CARRIAGE CLUB,RESTAURANT-BAR,"5301 STATE LINE ROAD
64112
(39.03369012100046, -94.60750101999969)"
CASCONE'S RESTAURANT #2,RESTAURANT-BAR,"3733 OAK
TRFWAY 64116
(39.157762440000454, -94.57280868899966)"
"CASHEW, THE",RESTAURANT-BAR,"2000 GRAND BLVD
64108
(39.088851030000455, -94.58150092099964)"
CATERED EVENT 7/12/2010,RESTAURANT-BAR,"1 ARROWHEAD DRIVE
64129
(39.04873086300046, -94.48629013199968)"
CATERED EVENT 8/22/2011,RESTAURANT-BAR,"1 ARROWHEAD DRIVE
64129
(39.04873086300046, -94.48629013199968)"
"CATERED EVENT DEC 31,2011",RESTAURANT-BAR,"414 103RD STREET
64114
(38.94161605300047, -94.59688374399968)"
CHAMP'S LOUNGE & GRILL,RESTAURANT-BAR,"3900 JACKSON AVENUE
64128
(39.05483030400046, -94.53513729799965)"
CHARLIE HOOPERS,RESTAURANT-BAR,"12 63RD STREET
64113
(39.01384090500045, -94.58781081899969)"
CHAZ ON THE PLAZA,RESTAURANT-BAR,"325 WARD PARKWAY
64112
(39.039850222000496, -94.59150042699969)"
"CHEESECAKE FACTORY, THE",RESTAURANT-BAR,"4701 WYANDOTTE STREET
64112
(39.04179066600045, -94.58911059299965)"
CHELLY'S CAFE,RESTAURANT-BAR,"214 85TH STREET
64114
(38.97417294100046, -94.59397632799966)"
CHEZ ELLE,RESTAURANT-BAR,"1711 13 SUMMIT
64108
(39.08507049800045, -94.58158994599967)"
CHILI'S GRILL &  BAR,RESTAURANT-BAR,"8350 ROANRIDGE ROAD
64151
(39.24581032600048, -94.65582082899965)"
CHILI'S GRILL & BAR,RESTAURANT-BAR,"9600 BARRY ROAD
64157
(39.244887684000446, -94.46165043499968)"
CHIPOTLE MEXICAN GRILL #1,RESTAURANT-BAR,"501 03 W 75TH STREET
64114
(38.99212799200046, -94.58969480499968)"
CHIPOTLE MEXICAN GRILL #2,RESTAURANT-BAR,"4851 MAIN STREET
64112
(39.03891959800046, -94.58707060999967)"
CHIPOTLE MEXICAN GRILL #4,RESTAURANT-BAR,"8600 BOARDWALK AVENUE
64154
(39.252550736000444, -94.65370241899967)"
CHIPOTLE MEXICAN GRILL #6,RESTAURANT-BAR,"4151 STERLING AVENUE
64133
(39.046519946000444, -94.44760008599968)"
CHIPOTLE MEXICAN GRILL #7,RESTAURANT-BAR,"203-I ENGLEWOOD ROAD
64118
(39.19687716100049, -94.5835894229997)"
CHIPOTLE MEXICAN GRILL #736,RESTAURANT-BAR,"8700 FLINTLOCK AVENUE
64157
(39.27803219200047, -94.47222615699968)"
CHIPOTLE MEXICAN GRILL #776,RESTAURANT-BAR,"13127 STATE LINE ROAD
64145
(38.890262850000454, -94.60792989099969)"
CHIPOTLE MEXICAN GRILL#3,RESTAURANT-BAR,"1713 39TH STREET
64111
(39.05729001600048, -94.60557094699965)"
CHIPOTLE MEXICAN GRILL#5,RESTAURANT-BAR,"1370 WALNUT
64106
(39.09753117500048, -94.58223775899967)"
CHUCK E. CHEESE'S,RESTAURANT-BAR,"9196 SKYVIEW AVENUE
64154
(39.26122568800048, -94.65582441099968)"
CHUY'S,RESTAURANT-BAR,"209 46TH TERRACE
64112
(39.043168241000444, -94.58841756699968)"
"CIGAR BOX, THE",RESTAURANT-BAR,"1519 GRAND BLVD
64108
(39.09510101000046, -94.5811609969997)"
CISCO'S CANTINA,RESTAURANT-BAR,"10235 OAK
TRFWAY 64155
(39.276011765000476, -94.57057970099964)"
CLARION HOTEL AIRPORT,RESTAURANT-BAR,"11828 PLAZA CIRCLE
64153
(39.3085601680005, -94.68397108799968)"
"CLASSIC COOKIE, THE",RESTAURANT-BAR,"409 GREGORY BLVD
64114
(38.99956476900047, -94.5939996949997)"
CLASSIC CUP CAFE,RESTAURANT-BAR,"301 47TH STREET
64112
(39.042290756000455, -94.59066041299968)"
COACH'S,RESTAURANT-BAR,"414 422 W 103RD STREET
64114
(38.94161818200047, -94.5969657179997)"
COAL VINES,RESTAURANT-BAR,"616 618 WARD PARKWAY
64112
(39.040018133000444, -94.59471583299967)"
CODA,RESTAURANT-BAR,"1744 BROADWAY BLVD
64108
(39.09122012300048, -94.5888409589997)"
"CORNER RESTAURANT,THE",RESTAURANT-BAR,"4059 BROADWAY
64111
(39.05378021600046, -94.59046924099965)"
COURTYARD BY  MARRIOTT,RESTAURANT-BAR,"4000 MULBERRY
64116
(39.157762440000454, -94.57280868899966)"
COURTYARD BY MARRIOTT,RESTAURANT-BAR,"4600 JC NICHOLS PARKWAY
64112
(39.043560572000445, -94.58832012699969)"
COURTYARD BY MARRIOTT- 1,RESTAURANT-BAR,"500 105TH STREET
64131
(38.93824081000048, -94.58612042099969)"
COURTYARD BY MARRIOTT- 2,RESTAURANT-BAR,"7901 TIFFANY SPRINGS PARKWAY
64153
(39.2724003940005, -94.67174076199967)"
CROWN CENTER RESTAURANTS BY SHERATON,RESTAURANT-BAR,"2450 GRAND BLVD
64108
(39.08256072100045, -94.58180051399967)"
CROWNE PLAZA HOTEL,RESTAURANT-BAR,"1301 WYANDOTTE DRIVE
64105
(39.098572266000474, -94.58562457499966)"
CUPINI'S.,RESTAURANT-BAR,"1809 1813
WESTPORT 64111
(39.05550273500046, -94.59306944999969)"
DANNY EDWARDS BOULEVARD BARBECUE,RESTAURANT-BAR,"2908 SOUTHWEST BLVD
64108
(39.07519268200048, -94.60353167199969)"
DANNY'S BIG EASY,RESTAURANT-BAR,"1601 18TH STREET
64108
(39.09120053400045, -94.56295032599968)"
DAS HAUS,RESTAURANT-BAR,"3044 GILLHAM ROAD
64108
(39.071223302000476, -94.57889531999967)"
DAVE'S GRILL & SPORTS BAR,RESTAURANT-BAR,"2934 SOUTHWEST BLVD
64108
(39.0744302170005, -94.60457076599965)"
DICARLO'S MUSTARD SEED,RESTAURANT-BAR,"15015 US 40 HIGHWAY
64136
(39.03493112900048, -94.39949100499967)"
DICKEY'S BARBECUE  PIT,RESTAURANT-BAR,"9000 SKYVIEW AVENUE
64154
(39.258411158000456, -94.6520735369997)"
DIRKS BAR AND GRILL,RESTAURANT-BAR,"8128 8134 NW PRAIRIE VIEW ROAD
64151
(39.24191116300045, -94.65884058299969)"
DIRTY BIRD LOUNGE,RESTAURANT-BAR,"6600 BLUE RIDGE BLVD
64133
(39.003930124000476, -94.48219031199966)"
DISABLED AMERICAN VETERANS,RESTAURANT-BAR,"8787 OLD SANTA FE ROAD
64138
(38.96467712100048, -94.50172508299966)"
DISTRICT POUR HOUSE & KITCHEN,RESTAURANT-BAR,"7122 WORNALL
64114
(38.9991247640005, -94.59388525499969)"
DOMINIC'S FAST ITALIAN,RESTAURANT-BAR,"6209 63RD TERRACE
64151
(39.209841189000485, -94.6529109499997)"
DOMO SUSHI,RESTAURANT-BAR,"6322 BROOKSIDE PLAZA
64113
(39.013538267000456, -94.59072153299968)"
DOS DE OROS,RESTAURANT-BAR,"13027 13029 HOLMES ROAD
64145
(38.89094864900045, -94.58589914899966)"
"DROP  ,THE",RESTAURANT-BAR,"409 31ST STREET
64128
(39.068642541000486, -94.51599767399966)"
"DRUNKEN FISH,THE",RESTAURANT-BAR,"14 14TH STREET
64106
(39.09726478200048, -94.58304604899968)"
"DUBLINER,THE",RESTAURANT-BAR,"170 14TH
64106
(39.10426238700046, -94.57450758699969)"
DUKES ON GRAND,RESTAURANT-BAR,"1501 GRAND BLVD
64108
(39.09557114100045, -94.58114025599968)"
DUO EAST AFRICA RESTAURANT,RESTAURANT-BAR,"3415 MAIN
64111
(39.06507022700049, -94.58561111099965)"
EBT,RESTAURANT-BAR,"1310 CARONDELET DRIVE
64114
(38.93512042900045, -94.6061908749997)"
EDEN ALLEY CAFE & CATERING,RESTAURANT-BAR,"707 47TH STREET
64112
(39.04240022400046, -94.59504023899967)"
EGG T.C.,RESTAURANT-BAR,"5107 MAIN STREET
64112
(39.0346142410005, -94.58728815099965)"
EL MAGUEY 1,RESTAURANT-BAR,"7831 OAK
TRFWAY 64118
(39.21427358200049, -94.57336919499966)"
EL PATRON COCINA,RESTAURANT-BAR,"2905 SOUTHWEST BLVD
64108
(39.07541080900046, -94.6032007019997)"
EL PUEBLITO RESTAURANT,RESTAURANT-BAR,"810 SOUTHWEST BLVD
64108
(39.08456803600046, -94.59413475999969)"
EM CHAMAS BRAZILIAN GRILL,RESTAURANT-BAR,"6101 63RD TERRACE
64151
(39.20928923700046, -94.65114962599966)"
EMBASSY SUITES DINING,RESTAURANT-BAR,"220 43RD STREET
64111
(39.04947062800045, -94.58941018699966)"
EMBASSY SUITES HOTEL,RESTAURANT-BAR,"7640 TIFFANY SPRINGS PARKWAY
64153
(39.27427378400046, -94.66662553699967)"
EPICUREAN RESTAURANT & LOUNGE,RESTAURANT-BAR,"7502 TROOST AVENUE
64131
(38.99139367000049, -94.57569248999965)"
"ESCAPE EATERY AND DRINKERY,THE",RESTAURANT-BAR,"240 BARRY ROAD
64155
(39.2464335950005, -94.58373615999966)"
"FARM HOUSE, THE",RESTAURANT-BAR,"300 DELAWARE STREET
64105
(39.109280997000496, -94.5844703519997)"
FAT FISH BLUES AND IMPROV COMEDY CLUB,RESTAURANT-BAR,"7260 87TH STREET
64153
(39.251629625000476, -94.66394115299966)"
FIORELLA'S  JACK STACK  PLAZA,RESTAURANT-BAR,"4747 WYANDOTTE
64112
(39.04134001500046, -94.58892143299965)"
FIORELLA'S  JACK STACK FRIEGHT HOUSE,RESTAURANT-BAR,"101 22ND STREET
64108
(39.08774260400048, -94.58499061199967)"
FIORELLA'S JACK STACK OF MARTIN CITY,RESTAURANT-BAR,"13441 HOLMES ROAD
64145
(38.88330113900048, -94.58647071399969)"
FIORELLA'S PRIVATE DINING & CATERING,RESTAURANT-BAR,"13645 HOLMES
64145
(38.87862934500049, -94.58679940699966)"
FLYING SAUCER,RESTAURANT-BAR,"101 13TH STREET
64106
(39.09852509900048, -94.58204310499968)"
FOGO DE CHAO,RESTAURANT-BAR,"222 47TH STREET
64112
(39.04227853900045, -94.58956365399968)"
FRED P OTT'S BAR & GRILL,RESTAURANT-BAR,"4770 J C NICHOLS PARKWAY
64112
(39.041209782000465, -94.58811249799965)"
FREEBIRDS WORLD BURRITO,RESTAURANT-BAR,"554 WESTPORT
64111
(39.052156788000445, -94.5929912419997)"
FRIC AND FRAC  RESTAURANT,RESTAURANT-BAR,"1700 39TH STREET
64111
(39.05728079800048, -94.60527020099966)"
FRIENDS SUSHI & BENTO PLACE,RESTAURANT-BAR,"1808 39TH STREET
64111
(39.05733801600047, -94.60646384099965)"
FUZZY'S TACO SHOP,RESTAURANT-BAR,"10157 WORNALL ROAD
64114
(38.94387443800048, -94.59648472599969)"
"GALLERY,THE - THE KILL DEVIL CLUB",RESTAURANT-BAR,"61 14TH STREET
64106
(39.09719575000048, -94.58245377899965)"
GAMBAL'S / FIREFLY,RESTAURANT-BAR,"4116 4118
PENNSYLVANIA 64111
(39.05550273500046, -94.59306944999969)"
GAROZZO'S RISTORANTE,RESTAURANT-BAR,"526 HARRISON AVENUE
64106
(39.109390464000455, -94.57185055599967)"
GATES BAR-B-Q,RESTAURANT-BAR,"1325 EMANUEL CLEAVER II BLVD
64110
(39.04165008700045, -94.56944113299966)"
GATES BAR-B-Q (3),RESTAURANT-BAR,"3205 MAIN STREET
64111
(39.06899029100049, -94.5853806559997)"
GATES BAR-B-Q 1,RESTAURANT-BAR,"1221 BROOKLYN AVENUE
64127
(39.09871190700045, -94.5560086429997)"
"GENESSEE ROYALE, THE",RESTAURANT-BAR,"1531 GENESSEE
64102
(39.09574281200048, -94.60482808799969)"
GENGHIS KHAN MONGOLIAN GRILL,RESTAURANT-BAR,"3906 BELL AVENUE
64111
(39.05710249200047, -94.60614417299968)"
GOJO JAPANESE STEAK HOUSE,RESTAURANT-BAR,"4163 BROADWAY BLVD
64111
(39.051340782000466, -94.58901034499968)"
"GOLDEN OX, THE",RESTAURANT-BAR,"1600 TENNESSEE
64102
(39.09560279100049, -94.60479661999966)"
GORDON BIERSCH BREWERY RESTAURANT,RESTAURANT-BAR,"100 14TH STREET
64106
(39.097234572000445, -94.58209895499965)"
GOVERNOR STUMPY'S BAR AND GRILL,RESTAURANT-BAR,"321 GREGORY BLVD
64114
(38.99954740600049, -94.59352523599966)"
GRAM & DUN,RESTAURANT-BAR,"600 WARD PARKWAY
64112-2104
(39.04014583100047, -94.59396904399966)"
GRAND STREET CAFE,RESTAURANT-BAR,"4740 GRAND AVENUE
64112
(39.04129057500046, -94.58523085799965)"
GRANDMA'S BAR & GRILL,RESTAURANT-BAR,"1615 GENESSEE
64102
(39.09414000600049, -94.60496023699966)"
"GRANFALLOON, THE",RESTAURANT-BAR,"608 WARD PARKWAY
64112
(39.04002844600046, -94.59465624299969)"
GRANITE CITY FOOD & BREWERY,RESTAURANT-BAR,"8461 PRAIRIE VIEW ROAD
64153
(39.248071833000495, -94.66110424699968)"
GREEN ROOM BURGERS & BEER,RESTAURANT-BAR,"4010 PENNSYLVANIA
64111
(39.054690467000455, -94.59291081999964)"
GRINDER'S PIZZA,RESTAURANT-BAR,"415 417 E 18TH STREET
64108
(39.091630335000445, -94.57811090599967)"
GROOVE STATION,RESTAURANT-BAR,"9916 HOLMES ROAD
64131
(38.94788724600045, -94.58241211699965)"
GRUNAUER RESTAURANT & BAR,RESTAURANT-BAR,"101 22ND STREET
64108
(39.08774260400048, -94.58499061199967)"
G'S JAMAICAN QUISINE INC.,RESTAURANT-BAR,"7940 TROOST AVENUE
64131
(38.982987885000455, -94.57613928999967)"
GUADALAJARA CAFE,RESTAURANT-BAR,"1144 103RD STREET
64114
(38.94201197700045, -94.60589107399966)"
HAMBURGER MARY'S,RESTAURANT-BAR,"101 SOUTHWEST BLVD
64108
(39.09030060100048, -94.5850407319997)"
HAMPTON INN AND SUITES-PLAZA,RESTAURANT-BAR,"4600 SUMMIT STREET
64112
(39.04338081600048, -94.59617062699965)"
HAPPY GILLIS CAFE & HANGOUT,RESTAURANT-BAR,"549 GILLIS STREET
64106
(39.108941073000494, -94.57040098499965)"
HARPOS,RESTAURANT-BAR,"4109 PENNSYLVANIA AVENUE
64111
(39.05246846200049, -94.5910898629997)"
HARRY'S BAR AND TABLES,RESTAURANT-BAR,"501 WESTPORT ROAD
64111
(39.05280072400046, -94.59154075699968)"
HARRY'S COUNTRY CLUB,RESTAURANT-BAR,"112 MISSOURI AVENUE
64106
(39.107761137000466, -94.58055028699965)"
HARU SUSHI,RESTAURANT-BAR,"13133 STATE LINE ROAD
64145
(38.89013368900049, -94.60792939099969)"
HARVEY'S OPERATED BY BRANCATOS CATERING II,RESTAURANT-BAR,"30 PERSHING ROAD
64108
(39.084110541000484, -94.58426063699966)"
HEART OF AMERICA CATERING.,RESTAURANT-BAR,"11730 AMBASSADOR DRIVE
64153
(39.305781133000494, -94.68215137199968)"
HEREFORD HOUSE ZONA ROSA,RESTAURANT-BAR,"8661 STODDARD AVENUE
64153
(39.25122180200049, -94.66465140899965)"
HI DIVE LOUNGE,RESTAURANT-BAR,"1411 39TH STREET
64111
(39.05721050900047, -94.60311082399966)"
HICKOK'S,RESTAURANT-BAR,"528 WALNUT
64106
(39.10779109600048, -94.58138108399964)"
HILTON KANSAS CITY,RESTAURANT-BAR,"8801 112TH STREET
64153
(39.296600629000466, -94.68294094699968)"
HOLIDAY INN AT THE PLAZA,RESTAURANT-BAR,"1 45TH STREET
64111
(39.04562085200047, -94.58657096299964)"
HOLIDAY INN KANSAS CITY,RESTAURANT-BAR,"9103 39TH STREET
64133
(39.052450430000476, -94.47237056099965)"
HOLIDAY- INN KANSAS CITY NORTHEAST,RESTAURANT-BAR,"7333 PARVIN ROAD
64117
(39.16838040800047, -94.49561094499967)"
HOLIDAY INN KCI,RESTAURANT-BAR,"11728 AMBASSADOR DRIVE
64153
(39.305748492000475, -94.68215137199968)"
HOOTERS OF NORTH KANSAS  CITY,RESTAURANT-BAR,"6411 BARRY ROAD
64154
(39.2468300970005, -94.65348054299966)"
HOST INTERNATIONAL- TERMINAL B,RESTAURANT-BAR,"56 ROME CIRCLE
64153
(39.29365006800049, -94.7188183459997)"
HOST INTERNATIONAL-TERMINAL  C,RESTAURANT-BAR,"62 BEIRUT CIRCLE
64153
(39.293730610000466, -94.71215394999967)"
HOST INTERNATIONAL-TERMINAL A,RESTAURANT-BAR,"9 AMSTERDAM CIRCLE
64153
(39.297791050000455, -94.71801769199965)"
HOTEL SORELLA,RESTAURANT-BAR,"901 48TH PLACE
64112
(39.03982161100049, -94.5913966229997)"
HOULIHAN'S,RESTAURANT-BAR,"8660 BOARDWALK AVENUE
64154
(39.25252006700049, -94.65063094999965)"
HOUSTONS,RESTAURANT-BAR,"4640 WORNALL ROAD
64112
(39.04296494200048, -94.58967573599966)"
HYATT PLACE,RESTAURANT-BAR,"7600 97TH TERRACE
64153
(39.27071114800049, -94.66877017799965)"
ICONS RESTAURANT AND LOUNGE,RESTAURANT-BAR,"1108 GRAND BLVD
64106
(39.100630813000464, -94.58087062199968)"
INGREDIENT PLAZA,RESTAURANT-BAR,"4807 JEFFERSON
64112
(39.040502870000466, -94.59510955699966)"
INTERCONTINENTAL HOTEL KC,RESTAURANT-BAR,"401 WARD PARKWAY
64112
(39.039760345000445, -94.59208002499969)"
IRON WOK,RESTAURANT-BAR,"6411 72ND STREET
64151
(39.22513031400047, -94.65272003699965)"
IXTAPA RESTAURANT,RESTAURANT-BAR,"7103 BARRY ROAD
64152
(39.219083502000444, -94.6969498419997)"
"JACOBSON, THE",RESTAURANT-BAR,"2050 CENTRAL
64108
(39.08798833300045, -94.58761794699967)"
JALAPENOS MEXICAN RESTAURANT,RESTAURANT-BAR,"6318 BROOKSIDE PLAZA
64113
(39.01327052500045, -94.59071111399965)"
JALISCO MEXICAN RESTAURANT,RESTAURANT-BAR,"7747 PRAIRIE VIEW ROAD
64151
(39.23564813900049, -94.65882196399969)"
JASPER'S RESTAURANT,RESTAURANT-BAR,"1201 103RD STREET
64114
(38.94197074800047, -94.60574033299969)"
JESS AND JIM'S STEAKHOUSE,RESTAURANT-BAR,"517 135TH STREET
64145
(38.8825210440005, -94.58926038999965)"
"JIMMY'S JIGGER/JAZZ, A LOUISIANA KICTHEN",RESTAURANT-BAR,"1823 39TH STREET
64111
(39.057287431000475, -94.60653537799965)"
JJ 'S BAR & GRILL,RESTAURANT-BAR,"910 48TH STREET
64112
(39.040700607000474, -94.59831041499967)"
JOHNNY'S TAVERN,RESTAURANT-BAR,"1310 GRAND BLVD
64106
(39.098358061000454, -94.58103452299969)"
JOSE PEPPER'S,RESTAURANT-BAR,"511 BARRY ROAD
64155
(39.24632078700046, -94.58788110799969)"
JOSE PEPPER'S #2,RESTAURANT-BAR,"9050 BARRY ROAD
64157
(39.244993165000494, -94.46722351099964)"
JUDGES PIZZA,RESTAURANT-BAR,"5171 CHOUTEAU
TRFWAY 64119
(39.20302001700048, -94.52456609299969)"
JUICY'S BURGERS & SPIRITS,RESTAURANT-BAR,"8680 PRAIRIE VIEW ROAD
64153
(39.25142331800049, -94.66226655199966)"
JULIA(N),RESTAURANT-BAR,"6227 BROOKSIDE PLAZA
64113
(39.01457082200045, -94.59023982799965)"
KABUKI JAPANESE RESTAURANT,RESTAURANT-BAR,"2450 GRAND AVENUE
64108
(39.08256072100045, -94.58180051399967)"
KANSAS CITY AIRPORT MARRIOTT HOTEL,RESTAURANT-BAR,"775 BRASILIA AVENUE
64153
(39.31004085000046, -94.71527053399967)"
KANSAS CITY BLUES JUKE HOUSE,RESTAURANT-BAR,"1700 18TH STREET
64108
(39.09119809300046, -94.5620114729997)"
KANSAS CITY CAFE,RESTAURANT-BAR,"1532 GRAND BLVD
64108
(39.09460091900047, -94.58119095599966)"
"KANSAS CITY CLUB, THE",RESTAURANT-BAR,"918 BALTIMORE AVENUE
64105
(39.10282015000047, -94.58417075899968)"
KANSAS CITY CONVENTION & ENTERTAINMENT CENTER (Aramark),RESTAURANT-BAR,"201 301 W 13TH STREET
64105
(39.0987243780005, -94.58717195799966)"
KANSAS CITY MARRIOTT COUNTRY CLUB  PLAZA,RESTAURANT-BAR,"4445 MAIN
64111
(39.04604028400047, -94.58673113099968)"
KANSAS CITY MARRIOTT DOWNTOWN,RESTAURANT-BAR,"200 12TH STREET
64105
(39.10003047400045, -94.58661013999966)"
KATO,RESTAURANT-BAR,"6340 BARRY ROAD
64154
(39.24703059300049, -94.6535704209997)"
KAUFFMAN STADIUM- (ARAMARK Sports & Entertainment Services),RESTAURANT-BAR,"ONE ROYAL WAY
64129
(39.03903082000045, -94.49602809699968)"
KC SUSHI,RESTAURANT-BAR,"7753 PRAIRIE VIEW ROAD
64151
(39.23574105500046, -94.65882133599968)"
KOBE JAPANESE STEAK HOUSE,RESTAURANT-BAR,"1303 BALTIMORE AVENUE
64105
(39.098500439000475, -94.58430851099968)"
KONA GRILL,RESTAURANT-BAR,"444 WARD PARKWAY
64112
(39.04044592600047, -94.59226292799968)"
KORMA SUTRA CUISINE OF INDIA,RESTAURANT-BAR,"4113 PENNSYLVANIA
64111
(39.052281044000495, -94.59099111799969)"
L' E COLE CULINAIRE,RESTAURANT-BAR,"310 WARD PARKWAY
64112
(39.04075417700045, -94.59041682399965)"
L.C.'S BARBEQUE,RESTAURANT-BAR,"5800 BLUE PARKWAY
64129
(39.03463038300049, -94.51758035999967)"
LA BODEGA....,RESTAURANT-BAR,"703 SOUTHWEST BLVD
64108
(39.085210970000446, -94.59301106999965)"
LA CUCINA di MAMMA/BELLA NAPOLI,RESTAURANT-BAR,"6227 6229 BROOKSIDE BLVD
64113
(39.014730863000466, -94.59113646599968)"
LA FONDA-EL TAQUITO,RESTAURANT-BAR,"800 SOUTHWEST BLVD
64108
(39.084690139000486, -94.59386030099967)"
LA PIEDRA DEL SOL,RESTAURANT-BAR,"1405 39TH STREET
64111
(39.05717873000049, -94.60282047599969)"
LA SALSA MEXICAN RESTAURANT,RESTAURANT-BAR,"2021 TRUMAN ROAD
64127
(39.09494084200048, -94.55751040199965)"
LE FOU FROG,RESTAURANT-BAR,"400 5TH STREET
64106
(39.109110459000476, -94.57891058999968)"
LEO'S PIZZA,RESTAURANT-BAR,"408 ENGLEWOOD ROAD
64118
(39.19623369600049, -94.58586973399969)"
LEVY RESTAURANT,RESTAURANT-BAR,"1 ARROWHEAD DRIVE
64129
(39.04873086300046, -94.48629013199968)"
LEVY RESTAURANT AT SPRINT CENTER,RESTAURANT-BAR,"1407 GRAND AVENUE
64106
(39.096876831000486, -94.58103528299966)"
LEWS GRILL & BAR,RESTAURANT-BAR,"7539 WORNALL ROAD
64114
(38.991679139000496, -94.59429112199967)"
LIDIA'S,RESTAURANT-BAR,"101 22ND STREET
64108
(39.08774260400048, -94.58499061199967)"
LILLIE'S ON 17TH,RESTAURANT-BAR,"815 17TH STREET
64108
(39.09306031800048, -94.59403083899969)"
LONGHORN STEAKHOUSE OF LIBERTY,RESTAURANT-BAR,"9400 BARRY ROAD
64157
(39.244913839000446, -94.46341013499966)"
LOS CORRALS,RESTAURANT-BAR,"414 9TH STREET
64105
(39.10382281300048, -94.58904713899966)"
LOS TULES,RESTAURANT-BAR,"1656 BROADWAY STREET
64108
(39.093430201000444, -94.5887303399997)"
LOUIE'S WINE DIVE KANSAS CITY,RESTAURANT-BAR,"7100 WORNALL
64114
(38.999493036000445, -94.59385926999965)"
LULU'S THAI NOODLES SHOP AND SATAY BAR,RESTAURANT-BAR,"2030 CENTRAL STREET
64108
(39.08819475400048, -94.58759927499966)"
LUNA AZTECA,RESTAURANT-BAR,"10004 AMBASSADOR DRIVE
64153
(39.27481303000047, -94.66815336999969)"
M & S GRILL,RESTAURANT-BAR,"4646 JC NICHOLS PARKWAY
64112
(39.04303991900048, -94.58821243599965)"
"MAJESTIC RESTAURANT, THE",RESTAURANT-BAR,"931 BROADWAY
64105
(39.10267035300046, -94.58829016799967)"
MAKER'S MARK BOURBON HOUSE & LOUNGE,RESTAURANT-BAR,"1333 WALNUT STREET
64106
(39.09802297600049, -94.58214618999966)"
MAMA TIOS,RESTAURANT-BAR,"1111 MAIN
64106
(39.09575331800045, -94.5833760599997)"
MAMA TIO'S,RESTAURANT-BAR,"8026 PASEO BLVD
64131
(38.98153090700049, -94.56696026899965)"
MAMMA LEONES PIZZA,RESTAURANT-BAR,"650 RED BRIDGE ROAD
64131
(38.92590998000048, -94.58392330999965)"
MANNY'S,RESTAURANT-BAR,"207 SOUTHWEST BLVD
64108
(39.0891106630005, -94.58680995199967)"
MARCY'S RESTAURANT & COCKTAIL LOUNGE,RESTAURANT-BAR,"2631 VIVION ROAD
64119
(39.187080798000466, -94.54763073199967)"
MARGARITA'S,RESTAURANT-BAR,"2829 SOUTHWEST BLVD
64108
(39.076500868000494, -94.6021302319997)"
MARTIN CITY BREWING COMPANY,RESTAURANT-BAR,"500 135TH STREET
64145
(38.88255100400045, -94.58973052199968)"
MARTY'S BAR-B-Q,RESTAURANT-BAR,"6427 COSBY AVENUE
64151
(39.21198502700048, -94.6464829899997)"
MCCORMICK & SCHMICK SEAFOOD RESTUARANT,RESTAURANT-BAR,"448 47TH STREET
64112
(39.04239479800049, -94.59300263799969)"
MCCOY'S PUBLIC HOUSE BREWKITCHEN /THE FOUNDRY,RESTAURANT-BAR,"4057 PENNSYLVANIA AVENUE
64111
(39.05348608100047, -94.59189692699965)"
MCFADDEN'S SPORTS SALOON,RESTAURANT-BAR,"1330 GRAND AVENUE
64106
(39.09818261200047, -94.58104504899967)"
"MELTING POT, THE",RESTAURANT-BAR,"450 WARD PARKWAY
64112
(39.04043584900046, -94.5923206279997)"
MESOB PIKLIZ RESTAURANT,RESTAURANT-BAR,"3405 INDEPENDENCE AVENUE
64124
(39.10594077100046, -94.54164739299966)"
MICHAEL FORBES GRILLE,RESTAURANT-BAR,"128 63RD STREET
64113
(39.013977086000466, -94.58987470499966)"
MICHAEL SMITH / EXTRA VIRGIN,RESTAURANT-BAR,"1900 MAIN STREET
64108
(39.090170394000495, -94.58366029699965)"
MILBOURN'S FOOD & DRINK COMPANY,RESTAURANT-BAR,"6409 COSBY AVENUE
64151
(39.21144064400045, -94.64659580299968)"
MIMI'S CAFE.,RESTAURANT-BAR,"8501 PRAIRIE VIEW ROAD
64153
(39.249060915000484, -94.66114091699967)"
MINSKY'S  PIZZA,RESTAURANT-BAR,"221 BARRY ROAD
64155
(39.246378173000494, -94.58352358099967)"
MINSKY'S PIZZA CAFE,RESTAURANT-BAR,"427 MAIN STREET
64105
(39.10896579700045, -94.5829948009997)"
MINSKY'S PIZZA CAFE & SPORTS BAR,RESTAURANT-BAR,"7007 BARRY ROAD
64153
(39.24679458500049, -94.66136067299965)"
MINSKY'S PIZZA.,RESTAURANT-BAR,"5105 MAIN STREET
64112
(39.03467703500047, -94.58728490999965)"
"MIXX, THE",RESTAURANT-BAR,"4855 MAIN STREET
64112
(39.03889544600048, -94.58707282399968)"
MOONLIGHT SUSHI & GRILL,RESTAURANT-BAR,"8678 FLINTLOCK ROAD
64157
(39.24732185400046, -94.46547578199966)"
"MORRISON MANAGEMENT SPECIALISTS, INC.",RESTAURANT-BAR,"2301 HOLMES
64108
(39.08505187500049, -94.57574686599969)"
MOSAIC LIFE CARE,RESTAURANT-BAR,"8870 82ND
64158
(39.23017195700049, -94.47642777699969)"
MR LE'S SUSHI,RESTAURANT-BAR,"5024 PARVIN ROAD
64117
(39.167051263000474, -94.52115982199967)"
MURRAY'S TABLES & TAP,RESTAURANT-BAR,"12921 STATE LINE ROAD
64145
(38.89334872900048, -94.60793240299967)"
NARA,RESTAURANT-BAR,"1617 MAIN STREET
64108
(39.09385078300045, -94.58348054199968)"
NEIGHBORS LOUNGE,RESTAURANT-BAR,"9025 35TH STREET
64129
(39.05976244800047, -94.47460465399968)"
NEW PEKING CHINESE RESTAURANT,RESTAURANT-BAR,"540 WESTPORT ROAD
64111
(39.05231576400047, -94.59264826599969)"
NICA'S,RESTAURANT-BAR,"320 SOUTHWEST BLVD
64108
(39.08818040200049, -94.58829016799967)"
NICKY'S PIZZA,RESTAURANT-BAR,"9773 CEDAR AVENUE
64156
(39.275212284000474, -94.52865908899969)"
NIECIE'S RESTAURANT & LOUNGE,RESTAURANT-BAR,"927 85TH STREET
64131
(38.97373448900049, -94.57895595699966)"
NOODLES & COMPANY,RESTAURANT-BAR,"8538 PRAIRIE VIEW ROAD
64153
(39.24944984300049, -94.66117392599966)"
NOODLES AND COMPANY,RESTAURANT-BAR,"540 NICHOLS ROAD
64112
(39.041378755000494, -94.59405318899968)"
"NORTH END,THE",RESTAURANT-BAR,"910 5TH STREET
64109
(39.066704160000484, -94.56873741999965)"
NOVEL,RESTAURANT-BAR,"815 17TH STREET
64108
(39.09306031800048, -94.59403083899969)"
OAK 63,RESTAURANT-BAR,"408 63RD STREET
64110
(39.01366729400047, -94.5835781459997)"
OAKWOOD COUNTRY CLUB,RESTAURANT-BAR,"9800 GRANDVIEW ROAD
64137
(38.947710267000446, -94.54817000099968)"
O'DOWD'S,RESTAURANT-BAR,"4742 PENNSYLVANIA AVENUE
64112
(39.04088981600046, -94.59363894699965)"
OLIVE GARDEN #1170,RESTAURANT-BAR,"500 BARRY ROAD
64155
(39.24652699000046, -94.5873602319997)"
ON THE BORDER,RESTAURANT-BAR,"8340 ROANRIDGE ROAD
64151
(39.24571007800046, -94.65616075199966)"
ONE BITE SAMA ZAMA,RESTAURANT-BAR,"425 WESTPORT ROAD
64111
(39.05314192800046, -94.59075095799966)"
OPEN FIRE WOOD BURNING PIZZA,RESTAURANT-BAR,"3951 BROADWAY
64111
(39.05521014600049, -94.59085053999968)"
OPERA HOUSE COFFEE AND FOOD EMPORIUM,RESTAURANT-BAR,"500 WALNUT
64106
(39.108466631000454, -94.58163509299965)"
OSTERIA IL CENTRO,RESTAURANT-BAR,"5101 MAIN STREET
64112
(39.03448058700047, -94.58733031699967)"
OUTBACK STEAKHOUSE #2651,RESTAURANT-BAR,"7006 BARRY ROAD
64153
(39.24705305800046, -94.66154163799968)"
"PALACE AT THE PLAZA, THE",RESTAURANT-BAR,"500 NICHOLS ROAD
64112
(39.041356504000476, -94.59362151499965)"
PANDOLFI'S DELI,RESTAURANT-BAR,"538 CAMPBELL
64106
(39.108647387000474, -94.57291125699965)"
PAPARICOS MEXICAN RESTAURANT,RESTAURANT-BAR,"8314 WORNALL ROAD
64114
(38.976970173000495, -94.5949503599997)"
PEANCHES,RESTAURANT-BAR,"900 39TH STREET
64130
(39.033321482000474, -94.54412730799964)"
PEANUT DOWNTOWN,RESTAURANT-BAR,"418 9TH STREET
64105
(39.103823513000464, -94.58907961599965)"
"PEANUT, THE",RESTAURANT-BAR,"5000 MAIN STREET
64112
(39.03659041500049, -94.58724043899969)"
PEPPERMILL LOUNGE SOUTH,RESTAURANT-BAR,"11610 12 HICKMAN MILLS DRIVE
64134
(38.93138330800048, -94.5017765399997)"
PF CHANG'S CHINA BISTRO,RESTAURANT-BAR,"102 47TH STREET
64112
(39.04223083800048, -94.58859091399967)"
PHO HOA NOODLE SOUP,RESTAURANT-BAR,"1447 INDEPENDENCE AVENUE
64106
(39.106730996000465, -94.5626703209997)"
PHOENIX JAZZ CLUB,RESTAURANT-BAR,"302 8TH
64105
(39.10363236100045, -94.58633903699968)"
PIERPONT'S AT UNION STATION,RESTAURANT-BAR,"30 PERSHING ROAD
64108
(39.084110541000484, -94.58426063699966)"
PIE-ZANO'S PIZZERIA,RESTAURANT-BAR,"7932 OAK
TRFWAY 64118
(39.21427358200049, -94.57336919499966)"
PIROPOS,RESTAURANT-BAR,"4141 MULBERRY
64116
(39.157762440000454, -94.57280868899966)"
PIZZA 51,RESTAURANT-BAR,"5060 OAK STREET
64112
(39.03492075800045, -94.58266011599966)"
PIZZA BAR,RESTAURANT-BAR,"1320 GRAND AVENUE
64106
(39.098270337000486, -94.58103978499969)"
PIZZA BELLA.,RESTAURANT-BAR,"1810 BALTIMORE AVENUE
64108
(39.09145057900048, -94.58473076799964)"
PIZZA SHOPPE,RESTAURANT-BAR,"7687 PRAIRIE VIEW ROAD
64151
(39.23337121200046, -94.65855337499966)"
PIZZA SHOPPE #1,RESTAURANT-BAR,"9329 OAK
TRFWAY 64155
(39.276011765000476, -94.57057970099964)"
PIZZA SHOPPE #2,RESTAURANT-BAR,"8584 CHURCH ROAD
64157
(39.246078207000494, -94.45809086299965)"
PIZZA SHOPPE.,RESTAURANT-BAR,"13612 WASHINGTON AVENUE
64145
(38.88243680900047, -94.60100122799969)"
PLACE BAR & LOUNGE,RESTAURANT-BAR,"5502 ANTIOCH ROAD
64119
(39.193746375000444, -94.5487456569997)"
PLANET SUB,RESTAURANT-BAR,"4928 MAIN
64112
(39.037350922000485, -94.58721047999967)"
PLAZA III STEAKHOUSE,RESTAURANT-BAR,"4749 PENNSYLVANIA AVENUE
64112
(39.04045967200045, -94.59383934799968)"
POCO'S LATIN CUISINE,RESTAURANT-BAR,"3063 SOUTHWEST BLVD
64108
(39.07250014300047, -94.60725097399967)"
PONAKS TAVERN,RESTAURANT-BAR,"2856 SOUTHWEST BLVD
64108
(39.075640113000475, -94.60291032699968)"
PORT FONDA,RESTAURANT-BAR,"4141 PENNSYLVANIA
64111
(39.05168070600047, -94.59053020499965)"
PO'S DUMPLING BAR...,RESTAURANT-BAR,"1715 39TH STREET
64111
(39.05730038600046, -94.60582099199968)"
POT PIE,RESTAURANT-BAR,"904 WESTPORT ROAD
64111
(39.050706242000444, -94.59690144899969)"
PRESIDENT HOTEL,RESTAURANT-BAR,"1329 BALTIMORE AVENUE
64105
(39.09820623900049, -94.58432477299965)"
PRINCESS GARDEN RESTAURANT,RESTAURANT-BAR,"8906 WORNALL ROAD
64114
(38.966361109000445, -94.59546082199967)"
QUAFF BUFFET,RESTAURANT-BAR,"1006 1010 BROADWAY STREET
64105
(39.102060796000444, -94.58833049799966)"
RAMADA CONFERENCE CENTER,RESTAURANT-BAR,"1601 UNIVERSAL AVENUE
64120
(39.13715009800046, -94.50521060899968)"
RC'S RESTAURANT AND LOUNGE,RESTAURANT-BAR,"330 135TH STREET
64145
(38.88265009900044, -94.59154075699968)"
RECORD BAR,RESTAURANT-BAR,"1020 WESTPORT ROAD
64111
(39.049842465000495, -94.59875151299968)"
RED DRAGON HOUSE RESTAURANT,RESTAURANT-BAR,"312 8TH STREET
64105
(39.104651127000466, -94.58710101299965)"
RED LOBSTER #605,RESTAURANT-BAR,"450 BARRY ROAD
64155
(39.24647058400046, -94.58540024399969)"
RED SNAPPER PAN ASIAN BISTRO,RESTAURANT-BAR,"8430 WARD PARKWAY
64114
(38.97522100900045, -94.60695022899966)"
"REEF, THE",RESTAURANT-BAR,"9600 POLO
64154
(39.257593286000485, -94.6361588689997)"
RESIDENCE INN BY MARRIOTT (KCI),RESTAURANT-BAR,"10300 AMBASSADOR DRIVE
64153
(39.280035985000495, -94.6706109539997)"
RHYTHM & BOOZE.,RESTAURANT-BAR,"423 SOUTHWEST BLVD
64108
(39.08704079500046, -94.59014073399965)"
"RIEGER HOTEL GRILL AND EXCHANGE,THE",RESTAURANT-BAR,"1920 1924
MAIN 64108
(39.08507049800045, -94.58158994599967)"
ROOM 39,RESTAURANT-BAR,"1719 39TH STREET
64111
(39.05725670700048, -94.6052189029997)"
ROSATI'S,RESTAURANT-BAR,"9321 OAK
TRFWAY 64155
(39.276011765000476, -94.57057970099964)"
RUBY TUESDAY,RESTAURANT-BAR,"9770 PRAIRIE VIEW ROAD
64153
(39.27220105000049, -94.67052049499966)"
RUDY'S TENAMPA TAQUERIA,RESTAURANT-BAR,"1611 WESTPORT ROAD
64111
(39.05018043400048, -94.60505011599969)"
RUTH'S CHRIS STEAKHOUSE,RESTAURANT-BAR,"700 47TH STREET
64112
(39.04243114100046, -94.59476217499969)"
SABOR CENTRO AMERICANO,RESTAURANT-BAR,"2661 INDEPENDENCE AVENUE
64124
(39.10623247100045, -94.54916006999969)"
SADDLE AND SIRLOIN CLUB OF KANSAS CITY,RESTAURANT-BAR,"14401 HOLMES ROAD
64145
(38.865770315000475, -94.58536106699967)"
SAVOY GRILL,RESTAURANT-BAR,"219 9TH STREET
64105
(39.10369012300049, -94.58644075499967)"
SEASONS 52,RESTAURANT-BAR,"340 WARD PARKWAY
64112
(39.04067608700046, -94.59089312099968)"
SEVA CUISINE OF INDIA,RESTAURANT-BAR,"8674 FLINTLOCK ROAD
64157
(39.24729138100048, -94.46547609899966)"
SHERATON CATERERS,RESTAURANT-BAR,"2323 MCGEE
64108
(39.085162401000446, -94.5804446469997)"
SHERATON KANSAS CITY HOTEL AT CROWN CENTER,RESTAURANT-BAR,"2345 MCGEE
64108
(39.085020844000496, -94.58049036899968)"
SHERATON SUITES COUNTRY CLUB PLAZA,RESTAURANT-BAR,"770 47TH STREET
64112
(39.04240022400046, -94.59562098799967)"
SHOT STOP,RESTAURANT-BAR,"7439 BROADWAY
64114
(38.99306683500049, -94.59377117499969)"
SIDEPOCKETS NORTH,RESTAURANT-BAR,"600 ENGLEWOOD ROAD
64118
(39.19576955600047, -94.58799422799967)"
SMOKE BOX CAFE,RESTAURANT-BAR,"10020 AMBASSADOR
64153
(39.26282032800049, -94.6872691699997)"
SMOKEHOUSE BBQ,RESTAURANT-BAR,"8451 PRAIRIE VIEW ROAD
64153
(39.248160983000446, -94.66114091699967)"
SMUGGLERS INN,RESTAURANT-BAR,"1650 UNIVERSAL
64120
(39.13621711500048, -94.50575700499968)"
SNOW & COMPANY,RESTAURANT-BAR,"1815 WYANDOTTE
64108
(39.09108069700045, -94.58600058299965)"
SOL,RESTAURANT-BAR,"408 31ST STREET
64108
(39.070810898000445, -94.57959043599965)"
SOSA'S 39TH  STREET DINER,RESTAURANT-BAR,"3906 WADDELL
64111
(39.05628061600049, -94.59589062299966)"
SPIN NEAPOLITAN PIZZA,RESTAURANT-BAR,"4950 MAIN STREET
64112
(39.03697066800049, -94.58722084999965)"
"STABLES, THE",RESTAURANT-BAR,"813 WALNUT
64106
(39.10428137600047, -94.58181243899969)"
STARKER'S RESTAURANT,RESTAURANT-BAR,"201 47TH STREET
64112
(39.042260797000495, -94.58992064799969)"
STONE CANYON PIZZA,RESTAURANT-BAR,"8630 PRAIRIE VIEW ROAD
64153
(39.25081107400047, -94.6617887809997)"
STREETCAR NAMED DESIRE,RESTAURANT-BAR,"2450 GRAND AVENUE
64108
(39.08256072100045, -94.58180051399967)"
STROUD'S OAKRIDGE MANOR,RESTAURANT-BAR,"5410 OAK RIDGE ROAD
64119
(39.19410050200048, -94.51262093699967)"
SUZY'S DELI,RESTAURANT-BAR,"1533 GRAND BLVD
64108
(39.09523635700049, -94.58111661099969)"
SWAGAT INDIAN CUISINE,RESTAURANT-BAR,"7407 87TH STREET
64153
(39.251536065000494, -94.66602178699969)"
SWAGGER.,RESTAURANT-BAR,"13401 HOLMES ROAD
64145
(38.88412041100048, -94.58641079599965)"
TAJ MAHAL RESTAURANT,RESTAURANT-BAR,"7521 WORNALL ROAD
64114
(38.99210160700045, -94.59428158599968)"
TAJ PALACE,RESTAURANT-BAR,"1706 39TH STREET
64111
(39.057305278000456, -94.60510007399967)"
TANNER'S,RESTAURANT-BAR,"7425 27 BROADWAY STREET
64114
(38.958300617000475, -94.59572859299965)"
TANNERS BAR  & GRILL,RESTAURANT-BAR,"8250 CHURCH ROAD
64158
(39.24168054600045, -94.46153104099966)"
TANNIN WINE BAR & KITCHEN,RESTAURANT-BAR,"1526 WALNUT
64108
(39.0953434380005, -94.58235456899968)"
TAQUERIA  EL KORITA,RESTAURANT-BAR,"6225 WINNER ROAD
64125
(39.10426591100048, -94.50919490499967)"
TAQUERIA MEXICO,RESTAURANT-BAR,"908 910 SOUTHWEST BLVD
64108
(39.083940003000464, -94.59519003499969)"
TAQUERIA MEXICO II,RESTAURANT-BAR,"5920 INDEPENDENCE AVENUE
64125
(39.104988972000456, -94.51239555299969)"
TASSO'S GREEK RESTAURANT,RESTAURANT-BAR,"8411 WORNALL ROAD
64114
(38.97599073300046, -94.59500106099966)"
TASTY  THAI,RESTAURANT-BAR,"7104 PRAIRIE VIEW ROAD
64151
(39.223878812000464, -94.65107041499965)"
TENGO SED CANTINA,RESTAURANT-BAR,"1323 WALNUT STREET
64106
(39.09825748100047, -94.5821335119997)"
TEOCALI MEXICAN RESTAURANT & CANTINA,RESTAURANT-BAR,"2512 HOLMES ROAD
64108
(39.08101090200046, -94.57602066599969)"
THAI HOUSE RESTAURANT,RESTAURANT-BAR,"9938 HOLMES ROAD
64131
(38.947332135000465, -94.58243856199965)"
THAI PLACE,RESTAURANT-BAR,"4130 PENNSYLVANIA AVENUE
64111
(39.05172103600046, -94.59056016399967)"
THOMAS,RESTAURANT-BAR,"1815 39TH STREET
64111
(39.05728426200045, -94.60647026399965)"
TIFFANY ATHLETIC ZONE,RESTAURANT-BAR,"8201 97TH TERRACE
64153
(39.27019031700047, -94.67473093499967)"
TOKYO JAPANESE STEAK HOUSE,RESTAURANT-BAR,"7 9 NW BARRY ROAD
64155
(39.24636517200048, -94.58071656499965)"
TOMFOOLERIES  (Plaza),RESTAURANT-BAR,"612 47TH STREET
64112
(39.04239100500047, -94.59427051299969)"
TOOL SHED LOUNGE,RESTAURANT-BAR,"14940 US 40 HIGHWAY
64136
(39.03500026500046, -94.40123095199965)"
TOWER TAVERN,RESTAURANT-BAR,"401 31ST STREET
64108
(39.070810898000445, -94.57968031399969)"
TREAT AMERICA,RESTAURANT-BAR,"ONE H &amp; R BLOCK WAY
64105
(39.10363236100045, -94.58633903699968)"
TREAT AMERICA FOOD SERVICES,RESTAURANT-BAR,"1511 BALTIMORE AVENUE
64105
(39.096103163000464, -94.58450973399965)"
TREZOMARE,RESTAURANT-BAR,"4105 MULBERRY DRIVE
64116
(39.16870751200048, -94.59800930799969)"
TRIBUTES,RESTAURANT-BAR,"8500 40 HIGHWAY
64129
(39.03903082000045, -94.49602809699968)"
TWENTY 20,RESTAURANT-BAR,"2020 BALTIMORE AVENUE
64108
(39.08803060600047, -94.58489093499969)"
TWIN CITY TAVERN,RESTAURANT-BAR,"1815 WESTPORT ROAD
64111
(39.05020944400047, -94.60702183999967)"
UGLY JOE'S,RESTAURANT-BAR,"1227 103RD STREET
64114
(38.941985988000454, -94.60642814199969)"
UPTOWN THE,RESTAURANT-BAR,"3700 BROADWAY STREET
64111
(39.06110061400045, -94.59051061599968)"
VOLTAIRE,RESTAURANT-BAR,"1617 GENESSEE STREET
64102
(39.09399021000047, -94.60497060799969)"
WALDO PIZZA,RESTAURANT-BAR,"7433 7437 BROADWAY STREET
64114
(38.99308868000048, -94.5937696419997)"
WARD PARKWAY LANES,RESTAURANT-BAR,"1523 89TH STREET
64114
(38.966990255000496, -94.60611021499966)"
WASABI,RESTAURANT-BAR,"9763 CEDAR AVENUE
64157
(39.27010699200048, -94.45375695699965)"
WEBSTER HOUSE ANTIQUES,RESTAURANT-BAR,"1644 WYANDOTTE STREET
64108
(39.09306031800048, -94.58589111599969)"
"WELL, THE",RESTAURANT-BAR,"7421 BROADWAY
64114
(38.99356073500047, -94.59377042299968)"
WESTIN CROWN CENTER,RESTAURANT-BAR,"1 PERSHING ROAD
64108
(39.083890934000465, -94.58422978199968)"
WESTPORT CAFE & BAR,RESTAURANT-BAR,"419 WESTPORT ROAD
64111
(39.05315899700048, -94.5907152959997)"
WESTPORT FLEA MARKET,RESTAURANT-BAR,"817 WESTPORT ROAD
64111
(39.051010077000456, -94.59623054599967)"
WESTPORT REGIONAL BUSINESS LEAGUE,RESTAURANT-BAR,"4050 PENNSYLVANIA AVENUE
64111
(39.053300814000465, -94.59179080199965)"
"WESTSIDE LOCAL, THE",RESTAURANT-BAR,"1663 SUMMIT
64108
(39.093361064000476, -94.59334062199969)"
WHITE HORSE,RESTAURANT-BAR,"10221 OAK
TRFWAY 64155
(39.276011765000476, -94.57057970099964)"
WHOPPER BAR,RESTAURANT-BAR,"1350 WALNUT
64105
(39.10363236100045, -94.58633903699968)"
WINGSTOP RESTAURANT,RESTAURANT-BAR,"4313 CHOUTEAU
TRFWAY 64117
(39.16955044000048, -94.52732951699966)"
WINSLOW'S BAR-B-QUE,RESTAURANT-BAR,"20 5TH STREET
64106
(39.10856082000049, -94.58163112799969)"
"WOODSWEATHER CAFE, THE",RESTAURANT-BAR,"1414 9TH STREET
64101
(39.10426915400046, -94.60188612399969)"
WOODSWETHER II,RESTAURANT-BAR,"2510 VIVION ROAD
64118
(39.18556093800049, -94.54993068799968)"
WORLDS OF FUN/OCEANS OF FUN,RESTAURANT-BAR,"4545 WORLDS OF FUN AVENUE
64161
(39.17560060900047, -94.4924202739997)"
WORTH PARK,RESTAURANT-BAR,"9420 PRAIRIE VIEW ROAD
64153
(39.26552081000045, -94.66414125799969)"
ZOCALO,RESTAURANT-BAR,"614 620
64112
(39.03982161100049, -94.5913966229997)"
6902 CLUB,TAVERN,"6902 PROSPECT AVENUE
64132
(39.00150184200049, -94.55676770799965)"
AFRO BEAT BAR & GRILL,TAVERN,"9922 HOLMES ROAD
64131
(38.94776899600049, -94.58241793199966)"
AJ'S  BAR,TAVERN,"2618 INDEPENDENCE AVENUE
64124
(39.10633737900048, -94.55057408299967)"
AMERICAN HEARTLAND THEATRE,TAVERN,"2450 GRAND AVENUE
64108
(39.08256072100045, -94.58180051399967)"
AMERICAN LEGION POST #61,TAVERN,"5125 BELLAIRE AVENUE
64119
(39.18690104300049, -94.51082107199966)"
AMERICA'S PUB,TAVERN,"510 WESTPORT ROAD
64111
(39.05271827900049, -94.59178572499968)"
AMIGONI URBAN WINERY,TAVERN,"1505 GENESSEE
64102
(39.09627969900049, -94.60480932099966)"
ANGEL'S ROCK BAR,TAVERN,"1321 WALNUT
64106
(39.098269993000486, -94.58213275399964)"
ARTHUR'S LOUNGE,TAVERN,"8158 PRAIRIE VIEW ROAD
64151
(39.24244615900045, -94.65883247599965)"
ASKEW INN,TAVERN,"3600 INDEPENDENCE AVENUE
64124
(39.105870241000446, -94.53889067099965)"
ATHLETIC & GOLF CLUB AT MAPLE CREEK,TAVERN,"5330 OAK RIDGE DRIVE
64119
(39.1909801220005, -94.51501076999966)"
"AURA, KANSAS CITY",TAVERN,"3832 MAIN STREET
64111
(39.0577517320005, -94.58606158699968)"
BACCALA,TAVERN,"4700 4704 INDEPENDENCE AVENUE
64124
(39.105533412000455, -94.52706398099969)"
"BALTIMORE CLUB,THE",TAVERN,"1228 BALTIMORE
64105
(39.09889086600049, -94.58433092599967)"
"BEAUMONT CLUB, THE",TAVERN,"4050 PENNSYLVANIA
64111
(39.053300814000465, -94.59179080199965)"
BENJAMIN RANCH,TAVERN,"6401 87TH STREET
64138
(38.96720112300045, -94.51453026899969)"
BERG  EVENT SPACE,TAVERN,"1525 GRAND
64108
(39.09532291000045, -94.58111166599969)"
BLACK & GOLD TAVERN,TAVERN,"3740 BROADWAY
64111
(39.059681002000445, -94.5905705349997)"
BLARNEY STONE,TAVERN,"3801 BROADWAY BLVD
64111
(39.05847213600049, -94.59058843699967)"
BLUE HILLS COUNTRY CLUB,TAVERN,"777 BURNING TREE DRIVE
64145
(38.89929498400045, -94.60406614999965)"
BLUE RIDGE MEMORIAL POST #9997,TAVERN,"6801 WILSON ROAD
64125
(39.108330364000494, -94.50232068499969)"
"BLUE ROOM, THE",TAVERN,"1616 18TH STREET
64108
(39.09120053400045, -94.56314045299968)"
BLVD NIGHTS,TAVERN,"2801 2805 SOUTHWEST BLVD
64108
(39.077030918000446, -94.60166010099965)"
BOBBY BAKER'S LOUNGE,TAVERN,"7418 WORNALL ROAD
64114
(38.99307101500045, -94.59428088399966)"
BOBS N MOTION,TAVERN,"5709 TROOST AVENUE
64110
(39.02314097600049, -94.57404104499966)"
BOJOS,TAVERN,"5410 ANTIOCH ROAD
64119
(39.19258433500045, -94.54873434899969)"
BOOMERS BAR & GRILL,TAVERN,"7932 OAK
TRFWAY 64118
(39.21427358200049, -94.57336919499966)"
BOOZEFISH WINE BAR,TAVERN,"1511 WESTPORT ROAD
64111
(39.05009842400045, -94.60413416599965)"
BOULEVARD BREWING COMPANY,TAVERN,"2501 SOUTHWEST BLVD
64108
(39.082351006000465, -94.59690002199966)"
BUDDIES LOUNGE,TAVERN,"3715 MAIN STREET
64111
(39.059760510000444, -94.58591070499966)"
BUZZARD BEACH,TAVERN,"4110 PENNSYLVANIA AVENUE
64111
(39.05238014100047, -94.59106025499966)"
CADDYSHACK PUB & DELI,TAVERN,"700 3RD STREET
64106
(39.111350496000455, -94.5759503759997)"
CELLAR AND LOFT II,TAVERN,"525 WALNUT
64106
(39.108289983000475, -94.58151212499968)"
"CENTRAL EXCHANGE, THE",TAVERN,"1020 CENTRAL STREET
64105
(39.10151000400049, -94.58695006399967)"
CHASE SUITE HOTEL-KANSAS CITY,TAVERN,"9900 PRAIRIE VIEW ROAD
64153
(39.274591269000496, -94.67122877499969)"
CHEZ CHARLIE,TAVERN,"3809 BROADWAY STREET
64111
(39.058350576000464, -94.59059737499967)"
CHROME,TAVERN,"7400 US 40 HIGHWAY
64129
(39.06654053900047, -94.49646017699968)"
CLARION SPORTS COMPLEX,TAVERN,"4011 BLUE RIDGE
CUTOFF 64133
(39.0497005310005, -94.47555144499967)"
CLUB SKYLINE,TAVERN,"8625 TROOST
64131
(38.97138823300048, -94.5766277409997)"
CZAR BAR,TAVERN,"1531 GRAND BLVD
64108
(39.09468042700047, -94.58119095599966)"
DAILY LIMIT CAFE & PUB THE,TAVERN,"523 RED BRIDGE ROAD
64131
(38.92580418300048, -94.58563616199967)"
DAVE'S STAGECOACH INN,TAVERN,"316 WESTPORT ROAD
64111
(39.05379761100045, -94.5895331269997)"
DAVEY'S UPTOWN RAMBLERS CLUB,TAVERN,"3402 MAIN STREET
64111
(39.06535446300046, -94.58562830899967)"
DB COOPERS,TAVERN,"1804 39TH STREET
64111
(39.05733719700049, -94.6064355099997)"
D'BARB & GRILL,TAVERN,"11129 OAK
TRFWAY 64155-1167
(39.295680555000445, -94.57534064099968)"
DRURY INN & SUITES KANSAS CITY AIRPORT,TAVERN,"7900 TIFFANY SPRINGS PARKWAY
64153
(39.27276105800047, -94.6712210829997)"
DRURY INN & SUITES KANSAS CITY STADIUM,TAVERN,"3830 BLUE RIDGE
CUTOFF 64133
(39.01553303000048, -94.45947791099968)"
EL MOLINO RESTAURANT BAR,TAVERN,"5510 TRUMAN ROAD
64127
(39.09408008800045, -94.51814036999968)"
EMBRACE THE GRAPE BEVERAGE CATERING,TAVERN,"435 NICHOLS ROAD
64112
(39.04124244200045, -94.59233709499966)"
"EMPIRE ROOM, THE",TAVERN,"334 31ST
64108
(39.08507049800045, -94.58158994599967)"
ERNIE BIGGS DUELING PIANO BAR,TAVERN,"4115 MILL STREET
64111
(39.0516000450005, -94.59168018299965)"
EVENT 1000,TAVERN,"1000 BROADWAY
64105
(39.10212071400048, -94.58832012699969)"
FUNKY TOWN,TAVERN,"8300 BLUE PARKWAY
64133
(38.988984151000466, -94.4665986659997)"
"GARMENT DISTRICT, THE",TAVERN,"1350 MAIN
64105
(39.09759951200044, -94.58332752199965)"
GILHOULY'S,TAVERN,"1721 39TH STREET
64111
(39.05725713200047, -94.60523704799965)"
GOLDEN BAR,TAVERN,"4222 9TH STREET
64124
(39.10193058700048, -94.53185022499969)"
GQ RESTAURANT & LOUNGE,TAVERN,"4551 PROSPECT AVENUE
64130
(39.04291068400045, -94.55423100599967)"
GREEN DUCK LOUNGE,TAVERN,"2548 PROSPECT AVENUE
64127
(39.07910041700046, -94.55238044099968)"
GREEN LADY LOUNGE,TAVERN,"1809 GRAND AVENUE
64108
(39.091360702000486, -94.5813511239997)"
"GUILD, THE",TAVERN,"1621 LOCUST
64108
(39.093520078000495, -94.57770069399965)"
GUSTO,TAVERN,"504 WESTPORT ROAD
64111
(39.05272006500047, -94.59171014299966)"
HARLING'S UPSTAIRS,TAVERN,"3941 MAIN STREET
64111
(39.055450436000456, -94.58612639299969)"
HEART OF AMERICA GOLF COURSE,TAVERN,"7501 BLUE RIVER ROAD
64132
(38.986638568000444, -94.52741256499968)"
HILLCREST GOLF & COUNTRY CLUB,TAVERN,"8200 HILLCREST ROAD
64138
(38.97706400600049, -94.52070261599965)"
HIWAY HOUSE,TAVERN,"4071 PRATHER ROAD
64116
(39.16913054300045, -94.54988113999968)"
HODGE PARK GOLF COURSE,TAVERN,"7000 BARRY ROAD
64155
(39.245832417000486, -94.59176791199968)"
HOMEWOOD SUITES KCI,TAVERN,"7312 POLO DRIVE
64153
(39.274700350000444, -94.66393059299969)"
HOTEL,TAVERN,"1300 GRAND
64106
(39.09844578500048, -94.58102925899965)"
HOTEL PHILLIPS,TAVERN,"106 12TH STREET
64106
(39.09991400500047, -94.58191356899965)"
HOWL AT THE MOON,TAVERN,"1334 GRAND BLVD
64106
(39.09798608500046, -94.58105593999966)"
J.C.'S SPORTS BAR,TAVERN,"6135 VIVION ROAD
64119
(39.19480109000045, -94.5076603609997)"
JOHN'S BIG DECK,TAVERN,"928 WYANDOTTE
64105
(39.102730272000485, -94.58545094499965)"
"JONES, THE",TAVERN,"1271 MAIN STREET
"
KANSAS CITY LODGE 26 BPOE,TAVERN,"515 99TH STREET
64131
(38.948400484000445, -94.58527003599966)"
KANSAS CITY REPERTORY  THEATRE,TAVERN,"4949 CHERRY STREET
64110
(39.03656045600047, -94.58069086599966)"
KANSAS CITY SOCCER DOME,TAVERN,"5909 EQUITABLE ROAD
64120
(39.13718005700048, -94.51219113599967)"
KC AERIE #47 FRATERNAL O,TAVERN,"10220 47TH STREET
64133
(39.03732096200048, -94.45795089999967)"
KC Ice,TAVERN,"6109 63RD TERRACE
64151
(39.20932779500049, -94.6512716209997)"
KELLY'S WESTPORT INN,TAVERN,"500 WESTPORT ROAD
64111
(39.05282742500049, -94.59155287999965)"
KING LOUIE NORTHLAND,TAVERN,"217 VIVION ROAD
64118
(39.18121107200045, -94.5786305849997)"
KNUCKLEHEADS,TAVERN,"2715 ROCHESTER STREET
64120
(39.12063619200046, -94.54891256399969)"
LAFFERTY'S LOUNGE,TAVERN,"6301 BLUE PARKWAY
64129
(39.03180037800047, -94.51222109499969)"
LAS PLEBES,TAVERN,"3019 12TH STREET
64127
(39.09866041100048, -94.54635054599964)"
LEGS,TAVERN,"13200 US 350 HIGHWAY
64138
(38.97012337700045, -94.47911733499967)"
"LEVEE, THE",TAVERN,"16 18 W 43RD STREET
64111
(39.049380750000466, -94.58741097699965)"
LUNA,TAVERN,"1520 GRAND BLVD
64108
(39.09501113200048, -94.58117021499964)"
MAC'S LOUNGE,TAVERN,"11814 11816 BLUE RIDGE BLVD
64134
(38.909630791000495, -94.52174009999965)"
MADRIGALL,TAVERN,"1627 OAK
64108
(39.09403299200045, -94.57879930099966)"
"MAIN EVENT, THE",TAVERN,"4000 MULBERRY DRIVE
64116
(39.167042978000495, -94.59530717199965)"
"MATCHBOX, THE",TAVERN,"2853 SOUTHWEST BLVD
64108
(39.07575073200047, -94.60281007799966)"
MIDLAND THEATRE / INDIE ON MAIN,TAVERN,"1228 MAIN STREET
64106
(39.09575331800045, -94.5833760599997)"
MIKE KELLY'S WESTSIDER,TAVERN,"1515 WESTPORT ROAD
64111
(39.05013088600049, -94.60430113099966)"
MIKE'S TAVERN,TAVERN,"5424 TROOST
64110
(39.02794023200045, -94.57377025799968)"
MINIBAR,TAVERN,"3810 BROADWAY
64111
(39.057700758000465, -94.59071179599965)"
MINOR PARK GOLF COURSE,TAVERN,"11215 HOLMES ROAD
64131
(38.92260126000048, -94.58357641799967)"
MISSIE B'S,TAVERN,"805 39TH STREET
64111
(39.05693791100049, -94.59589987399966)"
MOSAIC,TAVERN,"1331 WALNUT STREET
64106
(39.0980405360005, -94.58214537699968)"
MOXIE BAR &  GRILL,TAVERN,"4011 OAK
TRFWAY 64116
(39.157762440000454, -94.57280868899966)"
MUTUAL MUSICIAN'S FOUNDATION,TAVERN,"1823 HIGHLAND
64108
(39.090281012000446, -94.56218060199967)"
NATHAN F. LAMAR MEMORIAL POST 5606,TAVERN,"5406 OAK RIDGE ROAD
64119
(39.19300007300046, -94.51349090999969)"
OFF CENTER STAGE/ AMERICAN HEARTLAND THEATRE,TAVERN,"2450 GRAND BLVD
64108
(39.08256072100045, -94.58180051399967)"
OLD FOLK'S LOUNGE,TAVERN,"4805 24TH STREET
64127
(39.08209059000046, -94.52739089199969)"
OLIVER'S RESTAURANT & LOUNGE,TAVERN,"2301-A 12TH STREET
64127
(39.09895951600049, -94.55475168899966)"
ONE 3 STUDIOS,TAVERN,"419 18TH STREET
64108
(39.09162111700044, -94.57802102799968)"
ONE EYED JACKS FSB,TAVERN,"5044 PARVIN ROAD
64117
(39.167051263000474, -94.52100069399967)"
PATRICK'S BAR & NO GRILL,TAVERN,"8251 WORNALL ROAD
64114
(38.97862377100046, -94.59483264999966)"
PBR BIG SKY COWBOY BAR,TAVERN,"111 13TH STREET
64106
(39.09852509900048, -94.58204310499968)"
PEARL'S LOUNGE,TAVERN,"8736 BLUE RIDGE BLVD
64138
(38.965381025000454, -94.4997782109997)"
"PIANO ROOM, THE",TAVERN,"8410 WORNALL ROAD
64114
(38.9756668710005, -94.59504248299965)"
POCKETS,TAVERN,"424 103RD STREET
64114
(38.94161871500046, -94.59698621099966)"
"POINT BAR,THE",TAVERN,"917 44TH STREET
64111
(39.04804064600046, -94.59791057399968)"
POKE A DOT LOUNGE.,TAVERN,"8934 WORNALL
64114
(38.96590013700046, -94.59551362599967)"
"PROMISE WEDDING & EVENT SPACE,THE",TAVERN,"1814 OAK STREET
64108
(39.09111065600047, -94.57896013799967)"
PR'S  PLACE,TAVERN,"1741 WASHINGTON
64108
(39.09150012700047, -94.58996097699969)"
"QUARTERAGE HOTEL, THE",TAVERN,"560 WESTPORT ROAD
64111
(39.051990669000475, -94.59328070299966)"
QUDOS,TAVERN,"1114 1116
GRAND 64106
(39.10426238700046, -94.57450758699969)"
QUINTON'S WALDO BAR & DELI,TAVERN,"7438 WORNALL ROAD
64114
(38.993034863000446, -94.59431868499968)"
RAIN,TAVERN,"8015 TROOST AVENUE
64131
(38.98247001700048, -94.57613013199966)"
RED FRONT,TAVERN,"310 ADMIRAL BLVD
64105
(39.10363236100045, -94.58633903699968)"
REMEDY FOOD & DRINK,TAVERN,"500 75TH STREET
64114
(38.99253116000045, -94.59542031699965)"
RESIDENCE INN BY MARRIOTT,TAVERN,"4601 BROADWAY STREET
64112
(39.044000896000455, -94.59140354799968)"
RESIDENCE INN KANSAS CITY  UNION HILL,TAVERN,"2975 MAIN STREET
64108
(39.073140813000464, -94.58525044699968)"
RETRO,TAVERN,"1518 MCGEE STREET
64108
(39.09506068000047, -94.57997068899965)"
RICHEY'S CLUB,TAVERN,"11527 HICKMAN MILL DRIVE
64134
(38.91545592600045, -94.52369281499966)"
RIOT ROOM THE,TAVERN,"4048 BROADWAY BLVD
64111
(39.05384917100048, -94.5909016009997)"
"RIVER CLUB, THE",TAVERN,"611 8TH STREET
64105
(39.104810141000485, -94.59118009199966)"
RIVER'S EDGE,TAVERN,"1036 AGNES AVENUE
64120
(39.127550434000455, -94.54552090299967)"
ROYAL MEADOWS GOLF  COURSE,TAVERN,"10501 47TH STREET
64133
(39.03725067300047, -94.45633079099969)"
SAND TRAP THE,TAVERN,"13037 HOLMES ROAD
64145
(38.89068452100048, -94.58591148999966)"
SANKOFA CAFE,TAVERN,"4240 INDIANA
64130
(39.048190442000475, -94.54473043799965)"
"SCENE, THE",TAVERN,"14816 US 40 HIGHWAY
64136
(39.0352288900005, -94.40568404499965)"
SHADY LADY LOUNGE,TAVERN,"2800 12TH STREET
64127
(39.098750288000474, -94.54908030399969)"
SHARK BAR,TAVERN,"1340 GRAND BLVD
64106
(39.09793611800046, -94.5810585159997)"
SHOAL CREEK GOLF COURSE,TAVERN,"8905 SHOAL CREEK PARKWAY
64157
(39.25383441700046, -94.48726225199965)"
SHOOTER'S,TAVERN,"4108 OAK
TRFWAY 64116
(39.157762440000454, -94.57280868899966)"
SIDEKICKS,TAVERN,"3707 MAIN STREET
64111
(39.059980780000444, -94.5858550429997)"
SIDESTREET BAR & GRILL,TAVERN,"413 33RD STREET
64109
(39.06626691000048, -94.57974898899965)"
SOCIAL,TAVERN,"1118 MCGEE STREET
64106
(39.100340438000444, -94.57972064499967)"
STALEY FARMS GOLF CLUB.,TAVERN,"10310 OLIVE STREET
64155
(39.2878625350005, -94.55030905899969)"
STEVE AND RITA'S ANTOINETTES RESTAURANT,TAVERN,"4545 BRIGHTON AVENUE
64117
(39.177020221000475, -94.52135062799965)"
SWAGGER,TAVERN,"8431 33 WORNALL ROAD
64114
(38.958300617000475, -94.59572859299965)"
SWOPE MEMORIAL GOLF COURSE,TAVERN,"6900 SWOPE MEMORIAL DRIVE
64132
(38.98687337400048, -94.55216991399965)"
TEETERING ROCKS,TAVERN,"12040 86TH STREET
64138
(38.96509014100047, -94.43884029699967)"
TERI'S BIGGER JIGGER,TAVERN,"6120 ST JOHN AVENUE
64123
(39.11214096200047, -94.50958006399969)"
"TERRACE ON GRAND,THE",TAVERN,"1520 GRAND BLVD
64108
(39.09501113200048, -94.58117021499964)"
TIFFANY GREENS GOLF CLUB,TAVERN,"5900 TIFFANY SPRINGS PARKWAY
64153
(39.27215050700045, -94.67268840099968)"
TOMMY FARHA'S CAFE BAR,TAVERN,"8019 WORNALL ROAD
64114
(38.982240713000465, -94.59470031499967)"
UNICORN THEATRE,TAVERN,"3820 3828 MAIN STREET
64111
(39.05781832700046, -94.58605751699969)"
"UNION OF WESTPORT, THE",TAVERN,"415 421 WESTPORT ROAD
64111
(39.05315330800045, -94.59072718399966)"
UPTOWN ARTS BAR,TAVERN,"3611 BROADWAY
64111
(39.06179083100045, -94.59048065699966)"
VELVET DOG,TAVERN,"400 31ST STREET
64128
(39.068642541000486, -94.51599767399966)"
VFW POST #1829,TAVERN,"5904 CRYSTAL AVENUE
64129
(39.01729599900045, -94.50239552899967)"
VOLLEYBALL  BEACH,TAVERN,"13105 HOLMES ROAD
64145
(38.88907061700047, -94.58606050199967)"
WALSH'S CORNER COCKTAILS,TAVERN,"304 85TH STREET
64114
(38.974184069000444, -94.59427041399965)"
WESTPORT SALOON,TAVERN,"4112 PENNSYLVANIA AVENUE
64111
(39.05230935600048, -94.5910488189997)"
"WINE BAR, THE",TAVERN,"13657 WASHINGTON STREET
64145
(38.88223946500045, -94.60132673299967)"
Z STRIKE,TAVERN,"1370 GRAND BLVD
64106
(39.09752038000045, -94.58107919599968)"
"ZOO, THE",TAVERN,"1220 MCGEE STREET
64106
(39.09964879500046, -94.57978065899965)"
